,real,predicted,diff
0,7,7,0
1,8,7,1
2,8,7,1
3,5,5,0
4,7,7,0
5,6,6,0
6,5,5,0
7,4,5,-1
8,6,6,0
9,5,5,0
10,7,6,1
11,5,5,0
12,7,6,1
13,6,6,0
14,5,6,-1
15,5,5,0
16,8,8,0
17,5,5,0
18,7,7,0
19,6,6,0
20,6,6,0
21,7,6,1
22,5,5,0
23,5,5,0
24,8,7,1
25,5,5,0
26,5,5,0
27,6,6,0
28,7,6,1
29,5,5,0
30,5,5,0
31,5,5,0
32,6,6,0
33,6,6,0
34,5,5,0
35,7,7,0
36,7,7,0
37,6,6,0
38,5,5,0
39,6,6,0
40,6,6,0
41,6,6,0
42,7,7,0
43,6,6,0
44,4,5,-1
45,6,6,0
46,6,6,0
47,6,6,0
48,5,5,0
49,5,5,0
50,5,5,0
51,5,5,0
52,6,6,0
53,6,6,0
54,6,6,0
55,7,7,0
56,6,6,0
57,5,5,0
58,5,5,0
59,7,6,1
60,6,6,0
61,6,6,0
62,6,6,0
63,7,7,0
64,6,6,0
65,7,6,1
66,6,6,0
67,6,6,0
68,6,6,0
69,5,5,0
70,5,5,0
71,6,6,0
72,4,5,-1
73,5,5,0
74,5,5,0
75,6,6,0
76,6,6,0
77,7,6,1
78,7,6,1
79,7,6,1
80,5,5,0
81,6,6,0
82,6,6,0
83,7,6,1
84,7,7,0
85,6,6,0
86,5,5,0
87,7,6,1
88,5,5,0
89,7,6,1
90,7,7,0
91,5,5,0
92,7,7,0
93,6,6,0
94,8,7,1
95,7,6,1
96,6,6,0
97,6,6,0
98,5,5,0
99,6,6,0
100,6,6,0
101,5,5,0
102,7,7,0
103,6,6,0
104,6,6,0
105,6,6,0
106,7,6,1
107,7,7,0
108,5,5,0
109,6,6,0
110,6,6,0
111,7,7,0
112,6,6,0
113,5,5,0
114,5,5,0
115,7,7,0
116,7,7,0
117,6,6,0
118,5,5,0
119,8,8,0
120,5,5,0
121,6,6,0
122,6,6,0
123,6,6,0
124,7,6,1
125,6,6,0
126,7,7,0
127,6,6,0
128,6,6,0
129,5,5,0
130,5,5,0
131,6,6,0
132,6,6,0
133,5,5,0
134,5,5,0
135,6,6,0
136,6,6,0
137,6,6,0
138,6,6,0
139,5,5,0
140,8,7,1
141,6,6,0
142,6,6,0
143,6,6,0
144,6,6,0
145,5,5,0
146,5,5,0
147,6,6,0
148,5,5,0
149,6,6,0
150,6,6,0
151,6,6,0
152,6,6,0
153,5,5,0
154,7,7,0
155,5,5,0
156,6,6,0
157,6,6,0
158,6,6,0
159,5,5,0
160,6,6,0
161,5,5,0
162,6,6,0
163,6,6,0
164,7,7,0
165,6,6,0
166,5,5,0
167,5,5,0
168,5,5,0
169,6,6,0
170,7,7,0
171,6,6,0
172,6,6,0
173,5,5,0
174,6,6,0
175,6,6,0
176,6,6,0
177,6,6,0
178,6,6,0
179,5,5,0
180,6,6,0
181,5,5,0
182,7,7,0
183,6,6,0
184,5,5,0
185,7,6,1
186,7,7,0
187,6,6,0
188,6,6,0
189,5,5,0
190,6,6,0
191,5,5,0
192,7,6,1
193,6,6,0
194,4,5,-1
195,5,5,0
196,7,7,0
197,6,6,0
198,6,6,0
199,6,6,0
200,7,7,0
201,4,5,-1
202,6,6,0
203,6,6,0
204,6,6,0
205,6,6,0
206,7,7,0
207,7,7,0
208,6,6,0
209,6,6,0
210,6,6,0
211,6,6,0
212,6,6,0
213,7,7,0
214,5,5,0
215,6,6,0
216,7,6,1
217,3,5,-2
218,6,6,0
219,6,6,0
220,5,5,0
221,6,6,0
222,5,5,0
223,6,6,0
224,6,6,0
225,5,5,0
226,7,6,1
227,7,7,0
228,7,7,0
229,5,5,0
230,6,6,0
231,5,5,0
232,6,6,0
233,6,6,0
234,4,5,-1
235,7,7,0
236,6,6,0
237,4,5,-1
238,6,6,0
239,7,6,1
240,6,6,0
241,4,5,-1
242,7,7,0
243,6,6,0
244,7,7,0
245,5,5,0
246,4,5,-1
247,5,5,0
248,5,5,0
249,6,6,0
250,6,6,0
251,4,5,-1
252,5,5,0
253,5,5,0
254,7,7,0
255,6,6,0
256,6,6,0
257,5,5,0
258,6,6,0
259,5,5,0
260,5,5,0
261,6,6,0
262,5,5,0
263,6,6,0
264,7,6,1
265,6,6,0
266,6,6,0
267,6,6,0
268,7,6,1
269,5,5,0
270,5,5,0
271,6,6,0
272,7,6,1
273,8,7,1
274,6,6,0
275,6,6,0
276,5,5,0
277,6,6,0
278,7,7,0
279,5,5,0
280,6,6,0
281,5,5,0
282,6,6,0
283,4,5,-1
284,6,6,0
285,7,7,0
286,7,6,1
287,6,6,0
288,5,5,0
289,6,6,0
290,7,7,0
291,6,6,0
292,6,6,0
293,5,5,0
294,8,7,1
295,5,5,0
296,5,5,0
297,6,6,0
298,5,5,0
299,5,5,0
300,5,5,0
301,5,5,0
302,6,6,0
303,5,5,0
304,7,7,0
305,5,5,0
306,5,5,0
307,6,6,0
308,7,7,0
309,4,5,-1
310,6,6,0
311,6,6,0
312,5,5,0
313,6,6,0
314,7,7,0
315,7,7,0
316,6,6,0
317,6,6,0
318,5,5,0
319,6,6,0
320,7,7,0
321,7,6,1
322,6,6,0
323,6,6,0
324,5,5,0
325,5,5,0
326,6,6,0
327,5,5,0
328,8,8,0
329,5,5,0
330,6,6,0
331,6,6,0
332,5,5,0
333,6,6,0
334,5,5,0
335,6,6,0
336,7,6,1
337,7,7,0
338,8,7,1
339,5,5,0
340,4,5,-1
341,5,5,0
342,5,5,0
343,6,6,0
344,5,5,0
345,5,5,0
346,7,6,1
347,4,5,-1
348,7,6,1
349,6,6,0
350,6,6,0
351,7,7,0
352,6,6,0
353,6,6,0
354,6,6,0
355,5,5,0
356,6,6,0
357,8,7,1
358,7,7,0
359,5,5,0
360,5,5,0
361,5,5,0
362,6,6,0
363,5,5,0
364,5,5,0
365,6,6,0
366,5,5,0
367,5,5,0
368,7,6,1
369,6,6,0
370,6,6,0
371,7,6,1
372,6,6,0
373,6,6,0
374,6,6,0
375,6,6,0
376,6,6,0
377,5,5,0
378,7,6,1
379,5,5,0
380,6,6,0
381,6,6,0
382,6,6,0
383,7,7,0
384,6,6,0
385,6,6,0
386,7,6,1
387,5,5,0
388,5,5,0
389,5,5,0
390,6,6,0
391,7,7,0
392,6,6,0
393,6,6,0
394,4,5,-1
395,6,6,0
396,4,5,-1
397,6,6,0
398,6,6,0
399,3,5,-2
400,4,5,-1
401,7,6,1
402,6,6,0
403,5,5,0
404,5,5,0
405,8,7,1
406,7,7,0
407,5,5,0
408,7,7,0
409,7,6,1
410,5,5,0
411,6,6,0
412,8,7,1
413,6,6,0
414,6,6,0
415,7,6,1
416,6,6,0
417,5,5,0
418,5,5,0
419,6,6,0
420,7,7,0
421,6,6,0
422,6,6,0
423,7,7,0
424,7,7,0
425,6,6,0
426,5,5,0
427,6,6,0
428,6,6,0
429,5,5,0
430,7,7,0
431,6,6,0
432,7,6,1
433,6,6,0
434,7,7,0
435,5,5,0
436,8,7,1
437,6,6,0
438,5,5,0
439,7,7,0
440,6,6,0
441,7,6,1
442,6,6,0
443,5,5,0
444,6,6,0
445,6,6,0
446,6,6,0
447,6,6,0
448,5,5,0
449,6,6,0
450,5,5,0
451,5,5,0
452,6,6,0
453,6,6,0
454,6,6,0
455,6,6,0
456,5,5,0
457,5,5,0
458,5,5,0
459,6,6,0
460,6,6,0
461,6,6,0
462,5,5,0
463,6,6,0
464,6,6,0
465,7,6,1
466,5,5,0
467,6,6,0
468,6,6,0
469,5,5,0
470,5,5,0
471,6,6,0
472,6,6,0
473,5,5,0
474,4,5,-1
475,6,6,0
476,5,5,0
477,5,5,0
478,6,6,0
479,5,5,0
480,7,6,1
481,7,7,0
482,6,6,0
483,5,5,0
484,5,5,0
485,8,7,1
486,6,6,0
487,5,5,0
488,6,6,0
489,3,5,-2
490,5,5,0
491,5,5,0
492,6,6,0
493,5,5,0
494,5,5,0
495,7,7,0
496,6,6,0
497,6,6,0
498,6,6,0
499,5,5,0
500,7,7,0
501,7,6,1
502,5,5,0
503,6,6,0
504,6,6,0
505,5,5,0
506,6,6,0
507,6,6,0
508,6,6,0
509,6,6,0
510,8,7,1
511,5,5,0
512,6,6,0
513,5,5,0
514,7,7,0
515,6,6,0
516,5,5,0
517,5,5,0
518,6,6,0
519,6,6,0
520,5,5,0
521,5,5,0
522,6,6,0
523,5,5,0
524,6,6,0
525,5,5,0
526,7,7,0
527,5,5,0
528,5,5,0
529,3,5,-2
530,8,7,1
531,6,6,0
532,5,5,0
533,6,6,0
534,6,6,0
535,6,6,0
536,7,7,0
537,7,6,1
538,8,7,1
539,6,6,0
540,5,5,0
541,6,6,0
542,6,6,0
543,5,5,0
544,6,6,0
545,6,6,0
546,7,6,1
547,5,5,0
548,6,6,0
549,7,7,0
550,6,6,0
551,7,6,1
552,7,7,0
553,6,6,0
554,6,6,0
555,7,6,1
556,7,6,1
557,7,6,1
558,5,5,0
559,6,6,0
560,7,6,1
561,7,7,0
562,6,6,0
563,6,6,0
564,6,6,0
565,6,6,0
566,5,5,0
567,6,6,0
568,6,6,0
569,6,6,0
570,6,6,0
571,5,5,0
572,7,7,0
573,7,7,0
574,6,6,0
575,7,7,0
576,6,6,0
577,6,6,0
578,7,7,0
579,6,6,0
580,6,6,0
581,5,5,0
582,6,6,0
583,5,5,0
584,5,5,0
585,5,5,0
586,6,6,0
587,5,5,0
588,5,5,0
589,8,7,1
590,7,6,1
591,7,7,0
592,5,5,0
593,6,6,0
594,6,6,0
595,6,6,0
596,8,7,1
597,8,7,1
598,5,5,0
599,5,5,0
600,5,5,0
601,5,6,-1
602,5,5,0
603,5,5,0
604,6,6,0
605,7,7,0
606,5,5,0
607,6,6,0
608,6,6,0
609,7,6,1
610,3,5,-2
611,5,5,0
612,6,6,0
613,5,5,0
614,6,6,0
615,6,6,0
616,6,6,0
617,7,6,1
618,5,5,0
619,5,5,0
620,7,6,1
621,6,6,0
622,5,5,0
623,8,7,1
624,6,6,0
625,5,5,0
626,7,6,1
627,5,5,0
628,5,5,0
629,7,6,1
630,5,5,0
631,6,6,0
632,7,6,1
633,6,6,0
634,6,6,0
635,5,5,0
636,6,6,0
637,5,5,0
638,5,5,0
639,7,6,1
640,6,6,0
641,6,6,0
642,7,6,1
643,6,6,0
644,5,5,0
645,5,5,0
646,6,6,0
647,5,5,0
648,7,7,0
649,6,6,0
650,6,6,0
651,7,7,0
652,7,7,0
653,6,6,0
654,7,6,1
655,7,7,0
656,6,6,0
657,6,6,0
658,6,6,0
659,4,5,-1
660,7,6,1
661,8,7,1
662,8,7,1
663,5,5,0
664,7,7,0
665,6,6,0
666,6,6,0
667,5,5,0
668,6,6,0
669,6,6,0
670,5,6,-1
671,5,5,0
672,5,5,0
673,5,5,0
674,8,7,1
675,6,6,0
676,6,6,0
677,6,6,0
678,5,5,0
679,7,7,0
680,5,6,-1
681,6,6,0
682,6,6,0
683,6,6,0
684,6,6,0
685,7,6,1
686,4,5,-1
687,5,5,0
688,5,5,0
689,8,7,1
690,8,7,1
691,5,5,0
692,5,5,0
693,7,7,0
694,6,6,0
695,7,6,1
696,6,6,0
697,6,6,0
698,6,6,0
699,5,5,0
700,5,5,0
701,5,5,0
702,5,5,0
703,6,6,0
704,6,6,0
705,7,6,1
706,7,7,0
707,7,7,0
708,6,6,0
709,6,6,0
710,5,5,0
711,6,6,0
712,8,7,1
713,6,6,0
714,5,5,0
715,5,5,0
716,6,6,0
717,7,7,0
718,5,5,0
719,7,6,1
720,5,5,0
721,5,5,0
722,5,5,0
723,7,6,1
724,6,6,0
725,7,7,0
726,6,6,0
727,6,6,0
728,6,6,0
729,5,5,0
730,5,5,0
731,6,6,0
732,7,7,0
733,7,6,1
734,5,5,0
735,5,5,0
736,7,7,0
737,6,6,0
738,5,5,0
739,7,6,1
740,7,6,1
741,5,5,0
742,6,6,0
743,6,6,0
744,7,7,0
745,7,6,1
746,6,6,0
747,5,5,0
748,6,6,0
749,7,7,0
750,6,6,0
751,6,6,0
752,6,6,0
753,7,7,0
754,5,5,0
755,5,5,0
756,5,5,0
757,6,6,0
758,4,5,-1
759,6,6,0
760,6,6,0
761,7,6,1
762,7,6,1
763,7,7,0
764,6,6,0
765,7,7,0
766,5,5,0
767,7,7,0
768,6,6,0
769,5,5,0
770,5,5,0
771,7,7,0
772,6,6,0
773,6,6,0
774,6,6,0
775,7,6,1
776,7,7,0
777,5,5,0
778,7,7,0
779,6,6,0
780,6,6,0
781,7,6,1
782,6,6,0
783,5,5,0
784,7,7,0
785,6,6,0
786,6,6,0
787,5,5,0
788,6,6,0
789,7,7,0
790,5,5,0
791,7,6,1
792,5,5,0
793,6,6,0
794,5,5,0
795,5,5,0
796,6,6,0
797,6,6,0
798,5,5,0
799,5,5,0
800,7,6,1
801,6,6,0
802,5,5,0
803,6,6,0
804,8,7,1
805,6,6,0
806,6,6,0
807,6,6,0
808,6,6,0
809,6,6,0
810,6,6,0
811,6,6,0
812,5,5,0
813,7,7,0
814,6,6,0
815,6,6,0
816,6,6,0
817,6,6,0
818,4,5,-1
819,7,7,0
820,6,6,0
821,5,5,0
822,6,6,0
823,8,7,1
824,5,5,0
825,5,5,0
826,8,7,1
827,6,6,0
828,6,6,0
829,6,6,0
830,6,6,0
831,6,6,0
832,7,6,1
833,7,7,0
834,7,7,0
835,5,5,0
836,6,6,0
837,6,6,0
838,5,5,0
839,6,6,0
840,7,7,0
841,6,6,0
842,5,5,0
843,7,6,1
844,4,5,-1
845,6,6,0
846,6,6,0
847,6,6,0
848,6,6,0
849,7,6,1
850,5,5,0
851,6,6,0
852,6,6,0
853,5,5,0
854,6,6,0
855,5,5,0
856,6,6,0
857,6,6,0
858,5,5,0
859,6,6,0
860,6,6,0
861,6,6,0
862,6,6,0
863,6,6,0
864,5,5,0
865,8,7,1
866,5,5,0
867,6,6,0
868,5,5,0
869,5,5,0
870,5,5,0
871,7,6,1
872,6,6,0
873,6,6,0
874,5,5,0
875,4,5,-1
876,7,7,0
877,6,6,0
878,5,5,0
879,7,6,1
880,6,6,0
881,6,6,0
882,8,7,1
883,7,7,0
884,6,6,0
885,6,6,0
886,7,6,1
887,5,5,0
888,5,5,0
889,6,6,0
890,5,5,0
891,6,6,0
892,7,7,0
893,6,6,0
894,6,6,0
895,6,6,0
896,5,5,0
897,5,5,0
898,5,5,0
899,6,6,0
900,5,5,0
901,5,5,0
902,6,6,0
903,6,6,0
904,5,5,0
905,6,6,0
906,7,7,0
907,7,7,0
908,6,6,0
909,6,6,0
910,6,6,0
911,5,5,0
912,6,6,0
913,5,5,0
914,6,6,0
915,7,6,1
916,6,6,0
917,6,6,0
918,7,6,1
919,6,6,0
920,6,6,0
921,5,5,0
922,6,6,0
923,7,7,0
924,6,6,0
925,6,6,0
926,7,7,0
927,5,5,0
928,6,6,0
929,5,5,0
930,7,7,0
931,6,6,0
932,6,6,0
933,6,6,0
934,5,5,0
935,7,7,0
936,5,5,0
937,6,6,0
938,5,5,0
939,6,6,0
940,5,5,0
941,6,6,0
942,8,7,1
943,5,5,0
944,6,6,0
945,5,5,0
946,5,5,0
947,6,6,0
948,6,6,0
949,6,6,0
950,5,5,0
951,5,5,0
952,6,6,0
953,7,6,1
954,6,6,0
955,7,7,0
956,6,6,0
957,6,6,0
958,5,5,0
959,7,7,0
960,7,6,1
961,6,6,0
962,6,6,0
963,5,5,0
964,5,5,0
965,5,5,0
966,6,6,0
967,6,6,0
968,5,5,0
969,4,5,-1
970,6,6,0
971,6,6,0
972,5,5,0
973,6,6,0
974,6,6,0
975,6,6,0
976,6,6,0
977,6,6,0
978,5,5,0
979,6,6,0
980,6,6,0
981,5,5,0
982,6,6,0
983,7,7,0
984,5,5,0
985,6,6,0
986,6,6,0
987,6,6,0
988,7,6,1
989,6,6,0
990,7,7,0
991,7,6,1
992,5,5,0
993,5,5,0
994,3,5,-2
995,6,6,0
996,7,7,0
997,6,6,0
998,6,6,0
999,5,5,0
1000,5,5,0
1001,6,6,0
1002,6,6,0
1003,6,6,0
1004,6,6,0
1005,6,6,0
1006,5,5,0
1007,7,7,0
1008,7,7,0
1009,7,7,0
1010,6,6,0
1011,5,5,0
1012,7,7,0
1013,5,5,0
1014,7,6,1
1015,6,6,0
1016,6,6,0
1017,4,5,-1
1018,7,6,1
1019,5,5,0
1020,7,6,1
1021,7,6,1
1022,6,6,0
1023,5,5,0
1024,5,5,0
1025,7,7,0
1026,8,7,1
1027,6,6,0
1028,5,5,0
1029,5,5,0
1030,6,6,0
1031,6,6,0
1032,6,6,0
1033,6,6,0
1034,6,6,0
1035,5,5,0
1036,5,5,0
1037,5,5,0
1038,6,6,0
1039,5,5,0
1040,7,7,0
1041,7,7,0
1042,6,6,0
1043,6,6,0
1044,5,5,0
1045,5,5,0
1046,7,7,0
1047,5,5,0
1048,7,7,0
1049,5,5,0
1050,5,5,0
1051,5,5,0
1052,6,6,0
1053,6,6,0
1054,6,6,0
1055,5,5,0
1056,4,5,-1
1057,5,5,0
1058,7,6,1
1059,6,6,0
1060,6,6,0
1061,5,5,0
1062,5,5,0
1063,6,6,0
1064,5,5,0
1065,6,6,0
1066,5,5,0
1067,6,6,0
1068,7,7,0
1069,5,5,0
1070,6,6,0
1071,6,6,0
1072,6,6,0
1073,6,6,0
1074,6,6,0
1075,6,6,0
1076,6,6,0
1077,7,6,1
1078,5,5,0
1079,6,6,0
1080,5,5,0
1081,6,6,0
1082,5,5,0
1083,6,6,0
1084,7,7,0
1085,6,6,0
1086,7,6,1
1087,6,6,0
1088,7,7,0
1089,5,5,0
1090,6,6,0
1091,5,5,0
1092,5,5,0
1093,7,6,1
1094,5,5,0
1095,6,6,0
1096,6,6,0
1097,6,6,0
1098,6,6,0
1099,5,5,0
1100,6,6,0
1101,5,5,0
1102,5,5,0
1103,6,6,0
1104,6,6,0
1105,7,6,1
1106,6,6,0
1107,7,7,0
1108,6,6,0
1109,4,5,-1
1110,6,6,0
1111,6,6,0
1112,6,6,0
1113,6,6,0
1114,6,6,0
1115,5,5,0
1116,6,6,0
1117,6,6,0
1118,6,6,0
1119,7,7,0
1120,8,7,1
1121,5,5,0
1122,6,6,0
1123,5,5,0
1124,6,6,0
1125,7,6,1
1126,4,5,-1
1127,5,5,0
1128,6,6,0
1129,6,6,0
1130,5,5,0
1131,6,6,0
1132,6,6,0
1133,7,7,0
1134,6,6,0
1135,6,6,0
1136,6,6,0
1137,6,6,0
1138,6,6,0
1139,6,6,0
1140,6,6,0
1141,6,6,0
1142,7,7,0
1143,5,5,0
1144,6,6,0
1145,7,7,0
1146,4,5,-1
1147,5,5,0
1148,7,7,0
1149,3,4,-1
1150,7,7,0
1151,7,7,0
1152,8,7,1
1153,6,6,0
1154,6,6,0
1155,5,5,0
1156,7,6,1
1157,7,6,1
1158,5,5,0
1159,6,6,0
1160,6,6,0
1161,5,5,0
1162,6,6,0
1163,6,6,0
1164,6,6,0
1165,6,6,0
1166,6,6,0
1167,7,7,0
1168,7,6,1
1169,8,8,0
1170,8,7,1
1171,6,6,0
1172,6,6,0
1173,6,6,0
1174,6,6,0
1175,6,6,0
1176,6,6,0
1177,6,6,0
1178,5,5,0
1179,7,6,1
1180,6,6,0
1181,6,6,0
1182,5,5,0
1183,7,7,0
1184,8,7,1
1185,6,6,0
1186,6,6,0
1187,4,5,-1
1188,6,6,0
1189,7,7,0
1190,5,5,0
1191,5,5,0
1192,4,5,-1
1193,7,7,0
1194,5,5,0
1195,5,5,0
1196,5,5,0
1197,7,7,0
1198,6,6,0
1199,6,6,0
1200,7,7,0
1201,7,7,0
1202,5,5,0
1203,5,5,0
1204,8,7,1
1205,7,7,0
1206,6,6,0
1207,5,5,0
1208,6,6,0
1209,6,6,0
1210,8,7,1
1211,6,6,0
1212,5,5,0
1213,5,5,0
1214,6,6,0
1215,5,5,0
1216,6,6,0
1217,5,5,0
1218,5,5,0
1219,6,6,0
1220,5,5,0
1221,7,7,0
1222,6,6,0
1223,7,7,0
1224,6,6,0
1225,6,6,0
1226,6,6,0
1227,5,5,0
1228,6,6,0
1229,6,6,0
1230,6,6,0
1231,6,6,0
1232,8,7,1
1233,6,6,0
1234,6,6,0
1235,5,5,0
1236,5,5,0
1237,5,5,0
1238,6,6,0
1239,6,6,0
1240,6,6,0
1241,4,5,-1
1242,5,5,0
1243,5,5,0
1244,6,6,0
1245,6,6,0
1246,6,6,0
1247,7,6,1
1248,6,6,0
1249,6,6,0
1250,7,6,1
1251,4,5,-1
1252,6,6,0
1253,5,5,0
1254,6,6,0
1255,5,5,0
1256,5,5,0
1257,6,6,0
1258,7,7,0
1259,6,6,0
1260,6,6,0
1261,6,6,0
1262,6,6,0
1263,6,6,0
1264,6,6,0
1265,6,6,0
1266,6,6,0
1267,6,6,0
1268,5,5,0
1269,5,5,0
1270,6,6,0
1271,6,6,0
1272,6,6,0
1273,7,7,0
1274,6,6,0
1275,7,7,0
1276,5,5,0
1277,5,5,0
1278,7,6,1
1279,5,5,0
1280,6,6,0
1281,5,5,0
1282,6,6,0
1283,5,5,0
1284,5,5,0
1285,5,5,0
1286,6,6,0
1287,6,6,0
1288,7,7,0
1289,6,6,0
1290,8,7,1
1291,7,6,1
1292,6,6,0
1293,6,6,0
1294,5,5,0
1295,6,6,0
1296,7,6,1
1297,6,6,0
1298,6,6,0
1299,7,6,1
1300,4,5,-1
1301,5,5,0
1302,5,5,0
1303,6,6,0
1304,6,6,0
1305,5,5,0
1306,6,6,0
1307,7,6,1
1308,8,8,0
1309,5,5,0
1310,6,6,0
1311,6,6,0
1312,6,6,0
1313,6,6,0
1314,5,5,0
1315,7,7,0
1316,4,5,-1
1317,4,5,-1
1318,6,6,0
1319,6,6,0
1320,5,5,0
1321,8,7,1
1322,5,5,0
1323,6,6,0
1324,7,6,1
1325,5,5,0
1326,6,6,0
1327,7,7,0
1328,6,6,0
1329,7,6,1
1330,5,5,0
1331,5,5,0
1332,6,6,0
1333,6,6,0
1334,6,6,0
1335,6,6,0
1336,5,5,0
1337,6,6,0
1338,5,5,0
1339,7,6,1
1340,5,5,0
1341,5,5,0
1342,7,6,1
1343,5,5,0
1344,6,6,0
1345,6,6,0
1346,8,7,1
1347,7,6,1
1348,6,6,0
1349,6,6,0
1350,6,6,0
1351,5,5,0
1352,5,5,0
1353,6,6,0
1354,4,5,-1
1355,6,6,0
1356,6,6,0
1357,7,7,0
1358,5,5,0
1359,7,7,0
1360,7,7,0
1361,5,5,0
1362,6,6,0
1363,5,5,0
1364,6,6,0
1365,6,6,0
1366,6,6,0
1367,6,6,0
1368,7,6,1
1369,6,6,0
1370,5,5,0
1371,6,6,0
1372,6,6,0
1373,6,6,0
1374,5,5,0
1375,6,6,0
1376,6,6,0
1377,6,6,0
1378,7,7,0
1379,5,5,0
1380,7,7,0
1381,5,5,0
1382,7,6,1
1383,5,5,0
1384,6,6,0
1385,6,6,0
1386,6,6,0
1387,6,6,0
1388,7,7,0
1389,6,6,0
1390,7,7,0
1391,6,6,0
1392,7,6,1
1393,6,6,0
1394,6,6,0
1395,6,6,0
1396,7,6,1
1397,5,5,0
1398,6,6,0
1399,6,6,0
1400,8,7,1
1401,6,6,0
1402,4,5,-1
1403,7,7,0
1404,6,6,0
1405,5,5,0
1406,5,5,0
1407,6,6,0
1408,6,6,0
1409,4,5,-1
1410,6,6,0
1411,7,6,1
1412,5,5,0
1413,5,5,0
1414,5,5,0
1415,6,6,0
1416,6,6,0
1417,6,6,0
1418,5,5,0
1419,7,7,0
1420,5,5,0
1421,6,6,0
1422,5,5,0
1423,6,6,0
1424,7,7,0
1425,5,5,0
1426,6,6,0
1427,5,5,0
1428,6,6,0
1429,6,6,0
1430,5,5,0
1431,6,6,0
1432,6,6,0
1433,5,5,0
1434,6,6,0
1435,5,5,0
1436,5,5,0
1437,6,6,0
1438,6,6,0
1439,6,6,0
1440,5,5,0
1441,6,6,0
1442,6,6,0
1443,6,6,0
1444,6,6,0
1445,5,5,0
1446,7,7,0
1447,6,6,0
1448,6,6,0
1449,5,5,0
1450,7,6,1
1451,5,5,0
1452,6,6,0
1453,6,6,0
1454,6,6,0
1455,6,6,0
1456,6,6,0
1457,7,7,0
1458,7,7,0
1459,6,6,0
1460,5,5,0
1461,5,6,-1
1462,6,6,0
1463,5,5,0
1464,6,6,0
1465,5,5,0
1466,5,5,0
1467,6,6,0
1468,7,7,0
1469,7,6,1
1470,6,6,0
1471,7,7,0
1472,6,6,0
1473,5,5,0
1474,6,6,0
1475,5,5,0
1476,7,7,0
1477,5,5,0
1478,7,7,0
1479,6,6,0
1480,6,6,0
1481,6,6,0
1482,6,6,0
1483,5,5,0
1484,7,6,1
1485,5,5,0
1486,4,5,-1
1487,6,6,0
1488,8,7,1
1489,6,6,0
1490,6,6,0
1491,8,7,1
1492,6,6,0
1493,5,5,0
1494,6,6,0
1495,6,6,0
1496,8,7,1
1497,8,7,1
1498,5,5,0
1499,6,6,0
1500,5,5,0
1501,6,6,0
1502,5,5,0
1503,7,7,0
1504,6,6,0
1505,6,6,0
1506,7,6,1
1507,7,6,1
1508,5,5,0
1509,5,5,0
1510,5,5,0
1511,5,5,0
1512,6,6,0
1513,6,6,0
1514,6,6,0
1515,6,6,0
1516,5,5,0
1517,4,5,-1
1518,6,6,0
1519,4,5,-1
1520,5,5,0
1521,5,5,0
1522,5,5,0
1523,5,5,0
1524,6,6,0
1525,6,6,0
1526,5,5,0
1527,5,5,0
1528,7,6,1
1529,5,5,0
1530,5,5,0
1531,6,6,0
1532,6,6,0
1533,6,6,0
1534,6,6,0
1535,6,6,0
1536,7,7,0
1537,6,6,0
1538,5,5,0
1539,4,5,-1
1540,6,6,0
1541,7,7,0
1542,6,6,0
1543,5,5,0
1544,8,7,1
1545,6,6,0
1546,7,7,0
1547,6,6,0
1548,7,6,1
1549,6,6,0
1550,6,6,0
1551,7,7,0
1552,5,5,0
1553,6,6,0
1554,5,5,0
1555,7,7,0
1556,6,6,0
1557,6,6,0
1558,7,6,1
1559,5,5,0
1560,8,7,1
1561,5,5,0
1562,6,6,0
1563,5,5,0
1564,5,5,0
1565,7,6,1
1566,6,6,0
1567,7,7,0
1568,5,5,0
1569,7,6,1
1570,6,6,0
1571,6,6,0
1572,6,6,0
1573,7,7,0
1574,7,7,0
1575,6,6,0
1576,7,7,0
1577,6,6,0
1578,6,6,0
1579,6,6,0
1580,6,6,0
1581,6,6,0
1582,6,6,0
1583,5,5,0
1584,6,6,0
1585,6,6,0
1586,5,5,0
1587,6,6,0
1588,5,5,0
1589,7,6,1
1590,5,5,0
1591,7,6,1
1592,5,5,0
1593,6,6,0
1594,5,5,0
1595,5,5,0
1596,6,6,0
1597,5,5,0
1598,6,6,0
1599,6,6,0
1600,5,5,0
1601,6,6,0
1602,6,6,0
1603,6,6,0
1604,8,7,1
1605,8,7,1
1606,5,5,0
1607,5,5,0
1608,5,5,0
1609,4,5,-1
1610,6,6,0
1611,4,5,-1
1612,6,6,0
1613,5,5,0
1614,5,5,0
1615,7,7,0
1616,5,5,0
1617,7,7,0
1618,5,5,0
1619,6,6,0
1620,7,6,1
1621,6,6,0
1622,6,6,0
1623,6,6,0
1624,6,6,0
1625,5,5,0
1626,6,6,0
1627,7,6,1
1628,6,6,0
1629,6,6,0
1630,7,7,0
1631,6,6,0
1632,6,6,0
1633,6,6,0
1634,8,7,1
1635,7,7,0
1636,5,5,0
1637,7,6,1
1638,6,6,0
1639,6,6,0
1640,6,6,0
1641,5,5,0
1642,5,5,0
1643,7,7,0
1644,6,6,0
1645,5,5,0
1646,5,5,0
1647,6,6,0
1648,5,5,0
1649,6,6,0
1650,5,5,0
1651,5,5,0
1652,5,5,0
1653,6,6,0
1654,5,5,0
1655,5,5,0
1656,6,6,0
1657,5,5,0
1658,4,5,-1
1659,7,7,0
1660,5,5,0
1661,6,6,0
1662,6,6,0
1663,6,6,0
1664,6,6,0
1665,5,5,0
1666,5,5,0
1667,8,7,1
1668,6,6,0
1669,6,6,0
1670,6,6,0
1671,6,6,0
1672,5,5,0
1673,6,6,0
1674,6,6,0
1675,4,5,-1
1676,7,7,0
1677,4,5,-1
1678,5,5,0
1679,7,6,1
1680,6,6,0
1681,8,7,1
1682,7,6,1
1683,6,6,0
1684,3,4,-1
1685,6,6,0
1686,5,5,0
1687,5,5,0
1688,7,7,0
1689,6,6,0
1690,6,6,0
1691,7,6,1
1692,6,6,0
1693,5,5,0
1694,6,6,0
1695,6,6,0
1696,6,6,0
1697,6,6,0
1698,5,5,0
1699,6,6,0
1700,7,7,0
1701,7,6,1
1702,6,6,0
1703,6,6,0
1704,5,5,0
1705,6,6,0
1706,6,6,0
1707,6,6,0
1708,7,6,1
1709,5,5,0
1710,6,6,0
1711,7,7,0
1712,5,5,0
1713,7,6,1
1714,5,5,0
1715,7,7,0
1716,5,5,0
1717,7,7,0
1718,6,6,0
1719,6,6,0
1720,7,6,1
1721,5,5,0
1722,6,6,0
1723,8,7,1
1724,6,6,0
1725,5,5,0
1726,5,5,0
1727,5,5,0
1728,5,5,0
1729,7,6,1
1730,6,6,0
1731,6,6,0
1732,6,6,0
1733,5,5,0
1734,5,5,0
1735,5,5,0
1736,6,6,0
1737,6,6,0
1738,5,5,0
1739,7,6,1
1740,6,6,0
1741,5,5,0
1742,6,6,0
1743,7,6,1
1744,5,5,0
1745,5,5,0
1746,6,6,0
1747,6,6,0
1748,5,5,0
1749,6,6,0
1750,6,6,0
1751,5,5,0
1752,6,6,0
1753,5,5,0
1754,8,7,1
1755,7,7,0
1756,7,6,1
1757,6,6,0
1758,7,7,0
1759,5,5,0
1760,8,8,0
1761,6,6,0
1762,6,6,0
1763,5,5,0
1764,6,6,0
1765,6,6,0
1766,5,5,0
1767,5,5,0
1768,5,5,0
1769,6,6,0
1770,6,6,0
1771,6,6,0
1772,6,6,0
1773,5,5,0
1774,7,6,1
1775,7,6,1
1776,6,6,0
1777,5,5,0
1778,6,6,0
1779,7,7,0
1780,6,6,0
1781,6,6,0
1782,7,6,1
1783,5,5,0
1784,7,6,1
1785,6,6,0
1786,5,5,0
1787,5,5,0
1788,7,6,1
1789,5,5,0
1790,6,6,0
1791,7,7,0
1792,7,7,0
1793,6,6,0
1794,6,6,0
1795,5,5,0
1796,6,6,0
1797,6,6,0
1798,6,6,0
1799,5,5,0
1800,7,6,1
1801,5,5,0
1802,6,6,0
1803,5,5,0
1804,6,6,0
1805,8,7,1
1806,5,5,0
1807,7,7,0
1808,6,6,0
1809,7,6,1
1810,7,6,1
1811,5,5,0
1812,6,6,0
1813,6,6,0
1814,6,6,0
1815,6,6,0
1816,7,6,1
1817,6,6,0
1818,5,5,0
1819,7,7,0
1820,4,5,-1
1821,5,5,0
1822,5,5,0
1823,6,6,0
1824,6,6,0
1825,6,6,0
1826,7,7,0
1827,6,6,0
1828,6,6,0
1829,5,5,0
1830,5,5,0
1831,7,7,0
1832,5,5,0
1833,6,6,0
1834,6,6,0
1835,7,7,0
1836,7,7,0
1837,5,5,0
1838,5,5,0
1839,5,5,0
1840,6,6,0
1841,5,5,0
1842,6,6,0
1843,7,6,1
1844,4,5,-1
1845,7,7,0
1846,6,6,0
1847,5,5,0
1848,6,6,0
1849,6,6,0
1850,6,6,0
1851,5,5,0
1852,6,6,0
1853,6,6,0
1854,6,6,0
1855,6,6,0
1856,5,5,0
1857,7,7,0
1858,5,5,0
1859,7,6,1
1860,6,6,0
1861,8,7,1
1862,5,5,0
1863,7,7,0
1864,5,5,0
1865,6,6,0
1866,7,7,0
1867,6,6,0
1868,6,6,0
1869,6,6,0
1870,5,5,0
1871,6,6,0
1872,6,6,0
1873,6,6,0
1874,6,6,0
1875,5,5,0
1876,7,7,0
1877,6,6,0
1878,6,6,0
1879,5,5,0
1880,6,6,0
1881,6,6,0
1882,5,5,0
1883,6,6,0
1884,7,6,1
1885,7,7,0
1886,6,6,0
1887,5,5,0
1888,6,6,0
1889,8,7,1
1890,5,5,0
1891,6,6,0
1892,6,6,0
1893,6,6,0
1894,6,6,0
1895,6,6,0
1896,7,7,0
1897,6,6,0
1898,6,6,0
1899,5,5,0
1900,5,5,0
1901,5,5,0
1902,5,5,0
1903,6,6,0
1904,6,6,0
1905,6,6,0
1906,6,6,0
1907,5,5,0
1908,5,5,0
1909,5,5,0
1910,7,6,1
1911,6,6,0
1912,5,5,0
1913,6,6,0
1914,7,6,1
1915,7,7,0
1916,7,7,0
1917,6,6,0
1918,5,5,0
1919,5,5,0
1920,6,6,0
1921,5,5,0
1922,6,6,0
1923,6,6,0
1924,6,6,0
1925,6,6,0
1926,5,5,0
1927,5,5,0
1928,5,5,0
1929,6,6,0
1930,6,6,0
1931,5,5,0
1932,6,6,0
1933,7,7,0
1934,7,6,1
1935,6,6,0
1936,6,6,0
1937,8,7,1
1938,7,6,1
1939,5,5,0
1940,6,6,0
1941,6,6,0
1942,5,5,0
1943,6,6,0
1944,7,7,0
1945,4,5,-1
1946,5,5,0
1947,5,5,0
1948,5,5,0
1949,6,6,0
1950,5,5,0
1951,6,6,0
1952,6,6,0
1953,4,5,-1
1954,5,5,0
1955,6,6,0
1956,6,6,0
1957,5,5,0
1958,6,6,0
1959,5,5,0
